{"cameraMode":{"drawMode":0,"name":"Shaded","section":"Shading Mode"},"sceneLighting":false,"audioPlay":false,"sceneViewState":{"showFog":true,"showMaterialUpdate":false,"showSkybox":false,"showFlares":true,"showImageEffects":true,"showParticleSystems":true},"in2DMode":false,"pivot":{"x":-3.995220184326172,"y":-5.611125469207764,"z":3.661146640777588},"rotation":{"x":-0.08629315346479416,"y":0.900390088558197,"z":-0.20921702682971955,"w":-0.3715905249118805},"size":6.169094562530518,"orthographic":false}