{"cameraMode":{"drawMode":0,"name":"Shaded","section":"Shading Mode"},"sceneLighting":false,"audioPlay":false,"sceneViewState":{"showFog":true,"showMaterialUpdate":true,"showSkybox":false,"showFlares":true,"showImageEffects":true,"showParticleSystems":true},"in2DMode":false,"pivot":{"x":-2.8706917762756349,"y":1.3977123498916627,"z":-6.029628276824951},"rotation":{"x":-0.20039629936218263,"y":0.36468958854675295,"z":-0.08076680451631546,"w":-0.9057149291038513},"size":3.7578835487365724,"orthographic":false}