{"cameraMode":{"drawMode":0,"name":"Shaded","section":"Shading Mode"},"sceneLighting":true,"audioPlay":false,"sceneViewState":{"showFog":true,"showMaterialUpdate":false,"showSkybox":true,"showFlares":true,"showImageEffects":true,"showParticleSystems":true},"in2DMode":false,"pivot":{"x":-5.737926959991455,"y":-1.4511332511901856,"z":-3.9532814025878908},"rotation":{"x":-0.09229860454797745,"y":0.8794442415237427,"z":-0.190496563911438,"w":-0.42634478211402895},"size":18.119468688964845,"orthographic":false}