{"cameraMode":{"drawMode":0,"name":"Shaded","section":"Shading Mode"},"sceneLighting":true,"audioPlay":false,"sceneViewState":{"showFog":true,"showMaterialUpdate":false,"showSkybox":true,"showFlares":true,"showImageEffects":true,"showParticleSystems":true},"in2DMode":false,"pivot":{"x":1.2687931060791016,"y":1.414625644683838,"z":1.3459770679473878},"rotation":{"x":-0.13276654481887818,"y":0.8167078495025635,"z":-0.20794963836669923,"w":-0.5216495394706726},"size":5.944418430328369,"orthographic":false}