{"cameraMode":{"drawMode":0,"name":"Shaded","section":"Shading Mode"},"sceneLighting":false,"audioPlay":false,"sceneViewState":{"showFog":true,"showMaterialUpdate":false,"showSkybox":false,"showFlares":true,"showImageEffects":true,"showParticleSystems":true},"in2DMode":false,"pivot":{"x":-5.717687606811523,"y":0.6566832065582275,"z":-5.337356090545654},"rotation":{"x":-0.15475864708423615,"y":0.7668036818504334,"z":-0.20138373970985413,"w":-0.5894968509674072},"size":5.557886123657227,"orthographic":false}