{"cameraMode":{"drawMode":0,"name":"Shaded","section":"Shading Mode"},"sceneLighting":true,"audioPlay":false,"sceneViewState":{"showFog":true,"showMaterialUpdate":true,"showSkybox":true,"showFlares":true,"showImageEffects":true,"showParticleSystems":true},"in2DMode":false,"pivot":{"x":0.9750936031341553,"y":5.423708915710449,"z":2.0668320655822756},"rotation":{"x":-0.16932758688926698,"y":0.7682399749755859,"z":-0.22660022974014283,"w":-0.5742716193199158},"size":6.988603591918945,"orthographic":false}