{"cameraMode":{"drawMode":0,"name":"Shaded","section":"Shading Mode"},"sceneLighting":true,"audioPlay":false,"sceneViewState":{"showFog":true,"showMaterialUpdate":true,"showSkybox":true,"showFlares":true,"showImageEffects":true,"showParticleSystems":true},"in2DMode":false,"pivot":{"x":5.192572593688965,"y":2.8540120124816896,"z":-1.0348591804504395},"rotation":{"x":-0.18737778067588807,"y":0.4178336262702942,"z":-0.08858828991651535,"w":-0.8845658898353577},"size":10.372747421264649,"orthographic":false}