{"cameraMode":{"drawMode":0,"name":"Shaded","section":"Shading Mode"},"sceneLighting":true,"audioPlay":false,"sceneViewState":{"showFog":true,"showMaterialUpdate":true,"showSkybox":true,"showFlares":true,"showImageEffects":true,"showParticleSystems":true},"in2DMode":false,"pivot":{"x":-1.0581912994384766,"y":2.5929644107818605,"z":-5.422934055328369},"rotation":{"x":-0.10747258365154267,"y":0.5865186452865601,"z":-0.07899072021245957,"w":-0.798878014087677},"size":7.329359531402588,"orthographic":false}