{"cameraMode":{"drawMode":0,"name":"Shaded","section":"Shading Mode"},"sceneLighting":false,"audioPlay":false,"sceneViewState":{"showFog":true,"showMaterialUpdate":false,"showSkybox":false,"showFlares":true,"showImageEffects":true,"showParticleSystems":true},"in2DMode":false,"pivot":{"x":-56.90625,"y":-8.813251495361329,"z":183.03768920898438},"rotation":{"x":-0.09229860454797745,"y":0.8794442415237427,"z":-0.190496563911438,"w":-0.42634478211402895},"size":12.581901550292969,"orthographic":false}