{"cameraMode":{"drawMode":0,"name":"Shaded","section":"Shading Mode"},"sceneLighting":false,"audioPlay":false,"sceneViewState":{"showFog":true,"showMaterialUpdate":false,"showSkybox":false,"showFlares":true,"showImageEffects":true,"showParticleSystems":true},"in2DMode":false,"pivot":{"x":0.23261642456054688,"y":0.012483835220336914,"z":-1.4907294511795045},"rotation":{"x":-0.14717356860637666,"y":0.8055418133735657,"z":-0.22452162206172944,"w":-0.5282350182533264},"size":4.3731279373168949,"orthographic":false}