{"cameraMode":{"drawMode":0,"name":"Shaded","section":"Shading Mode"},"sceneLighting":true,"audioPlay":false,"sceneViewState":{"showFog":true,"showMaterialUpdate":true,"showSkybox":true,"showFlares":true,"showImageEffects":true,"showParticleSystems":true},"in2DMode":false,"pivot":{"x":-0.4656243324279785,"y":0.018724441528320314,"z":-4.2366228103637699},"rotation":{"x":-0.19982145726680757,"y":0.6722701191902161,"z":-0.1961180865764618,"w":-0.6853188872337341},"size":7.006640434265137,"orthographic":false}