{"cameraMode":{"drawMode":0,"name":"Shaded","section":"Shading Mode"},"sceneLighting":false,"audioPlay":false,"sceneViewState":{"showFog":true,"showMaterialUpdate":true,"showSkybox":false,"showFlares":true,"showImageEffects":true,"showParticleSystems":true},"in2DMode":false,"pivot":{"x":-2.0399999618530275,"y":1.0399999618530274,"z":-5.929999828338623},"rotation":{"x":-0.10747258365154267,"y":0.5865186452865601,"z":-0.07899072021245957,"w":-0.798878014087677},"size":2.8578836917877199,"orthographic":false}