{"cameraMode":{"drawMode":0,"name":"Shaded","section":"Shading Mode"},"sceneLighting":false,"audioPlay":false,"sceneViewState":{"showFog":true,"showMaterialUpdate":false,"showSkybox":false,"showFlares":true,"showImageEffects":true,"showParticleSystems":true},"in2DMode":false,"pivot":{"x":-0.42862844467163088,"y":-3.7300000190734865,"z":-5.940000057220459},"rotation":{"x":-0.09229860454797745,"y":0.8794442415237427,"z":-0.190496563911438,"w":-0.42634478211402895},"size":6.757885456085205,"orthographic":false}