{"cameraMode":{"drawMode":0,"name":"Shaded","section":"Shading Mode"},"sceneLighting":false,"audioPlay":false,"sceneViewState":{"showFog":true,"showMaterialUpdate":true,"showSkybox":false,"showFlares":true,"showImageEffects":true,"showParticleSystems":true},"in2DMode":false,"pivot":{"x":-3.7659263610839845,"y":0.9700000286102295,"z":-6.070000171661377},"rotation":{"x":-0.19982145726680757,"y":0.6722701191902161,"z":-0.1961180865764618,"w":-0.6853188872337341},"size":5.857884883880615,"orthographic":false}