{"cameraMode":{"drawMode":0,"name":"Shaded","section":"Shading Mode"},"sceneLighting":true,"audioPlay":false,"sceneViewState":{"showFog":true,"showMaterialUpdate":true,"showSkybox":true,"showFlares":true,"showImageEffects":true,"showParticleSystems":true},"in2DMode":false,"pivot":{"x":0.36823248863220217,"y":3.146873950958252,"z":-6.6965508460998539},"rotation":{"x":-0.18737778067588807,"y":0.4178336262702942,"z":-0.08858828991651535,"w":-0.8845658898353577},"size":5.236100196838379,"orthographic":false}