{"cameraMode":{"drawMode":0,"name":"Shaded","section":"Shading Mode"},"sceneLighting":true,"audioPlay":false,"sceneViewState":{"showFog":true,"showMaterialUpdate":true,"showSkybox":true,"showFlares":true,"showImageEffects":true,"showParticleSystems":true},"in2DMode":false,"pivot":{"x":-0.807457447052002,"y":0.6944923400878906,"z":0.38544583320617678},"rotation":{"x":-0.19982145726680757,"y":0.6722701191902161,"z":-0.1961180865764618,"w":-0.6853188872337341},"size":6.70491886138916,"orthographic":false}